Business Letters Ai.docx,success
Corporate Intro Letters (1).docx,success
Corporate Intro Letters (2).docx,success
Corporate Intro Letters (3).docx,success
Corporate Intro Letters.docx,success
Intro Company Letters- complex.docx,success
Intro Company Letters.- complexdocx.docx,success
Intro of company - Company - Copy.docx,success
Intro of company - Company.docx,success
Intro of company.docx,success
Intro to existing client - medium.docx,success
Intro to existing client - simple.docx,success
New Microsoft Word Document.docx,error
Selling a New Business Product to an Existing Consumer (Medium).docx,success
Selling a New Business Product to an Existing Customer.docx,success
Selling a New Business Service to an Existing Consumer (Medium).docx,success
Selling a New Business Service to an Existing Customer (Complex).docx,success
Selling a New Consumer Product to an Existing Consumer (Complex).docx,success
Selling a New Consumer Product to an Existing Customer.docx,success
Selling a New Consumer Service to an Existing Consumer (Medium).docx,success
Selling a New Consumer Service to an Existing Customer (Complex).docx,success
Selling an Existing Business Product to an Existing Customer with Deep Discount (Complex).docx,success
Selling an Existing Business Product to an Existing Customer with Deep Discount (Medium).docx,success
Selling an Existing Business Service to an Existing Customer with Deep Discount (Medium).docx,success
Selling an Existing Consumer Product to an Existing Customer with Deep Discount (Medium).docx,success
Selling an Existing Consumer Product to an Existing Customer with Deep Discount.docx,success
Selling an Existing Consumer Service to an Existing Customer with Deep Discount (Complex).docx,success
Selling an Existing Consumer Service to an Existing Customer with Deep Discount (Medium).docx,success
Selling an Existing Product to an Existing Customer with Deep Discount (Complex).docx,success
Selling an Existing Product to an Existing Customer with Deep Discount.docx,success
change of gaurd - complex.docx,success
change of gaurd - medium.docx,success
followup after brief meet 1.docx,success
followup after brief meet.docx,success
intro of new services.docx,success
introduction for change or role.docx,success
referral letter - complex.docx,success
referral letter - medium.docx,success
sellin existing product to existing customer - complex.docx,success
selling new product to existing customer.docx,success
selling new product to existing customer1.docx,success
